title,upvotes,url,num_comments,id
Ask Anything Monday - Weekly Thread,6,https://www.reddit.com/r/learnpython/comments/1jczjvz/ask_anything_monday_weekly_thread/,4,1jczjvz
If-if-if or If-elif-elif when each condition is computationally expensive?,11,https://www.reddit.com/r/learnpython/comments/1jeapm0/ififif_or_ifelifelif_when_each_condition_is/,22,1jeapm0
Iâ€™m so lost in Python,37,https://www.reddit.com/r/learnpython/comments/1je2zuu/im_so_lost_in_python/,56,1je2zuu
Scrollable GUI tk,2,https://www.reddit.com/r/learnpython/comments/1jebbty/scrollable_gui_tk/,3,1jebbty
Create FullStack app on Python,1,https://www.reddit.com/r/learnpython/comments/1je4c21/create_fullstack_app_on_python/,10,1je4c21
New to learning Python.,7,https://www.reddit.com/r/learnpython/comments/1je1gwp/new_to_learning_python/,4,1je1gwp
"Strange Errors, Ethical WiFi Bruteforcer with wifi library",2,https://www.reddit.com/r/learnpython/comments/1je5whl/strange_errors_ethical_wifi_bruteforcer_with_wifi/,1,1je5whl
I am wanting to make a bot and need help.,1,https://www.reddit.com/r/learnpython/comments/1jeb1re/i_am_wanting_to_make_a_bot_and_need_help/,2,1jeb1re
Stock monthly return heat map. What is this error and how do I fix it?,2,https://www.reddit.com/r/learnpython/comments/1je557p/stock_monthly_return_heat_map_what_is_this_error/,6,1je557p
UK course recommendations,1,https://www.reddit.com/r/learnpython/comments/1je97zm/uk_course_recommendations/,5,1je97zm
Question about SpeechRecognition module,1,https://www.reddit.com/r/learnpython/comments/1je96um/question_about_speechrecognition_module/,1,1je96um
I am just starting,5,https://www.reddit.com/r/learnpython/comments/1jdyh7z/i_am_just_starting/,25,1jdyh7z
Advice on making my python code be less bloated,8,https://www.reddit.com/r/learnpython/comments/1jdx2ot/advice_on_making_my_python_code_be_less_bloated/,8,1jdx2ot
Execute Python Modules,4,https://www.reddit.com/r/learnpython/comments/1jdzjoj/execute_python_modules/,6,1jdzjoj
Starting a job after hiatus - how to prepare?,4,https://www.reddit.com/r/learnpython/comments/1jdzi34/starting_a_job_after_hiatus_how_to_prepare/,2,1jdzi34
Machine Learning help,1,https://www.reddit.com/r/learnpython/comments/1je5n02/machine_learning_help/,2,1je5n02
Reading emails with imap_tools getting wrong sort-output,1,https://www.reddit.com/r/learnpython/comments/1je4sw0/reading_emails_with_imap_tools_getting_wrong/,0,1je4sw0
Managing multiple python versions on Windows,3,https://www.reddit.com/r/learnpython/comments/1jdyyws/managing_multiple_python_versions_on_windows/,6,1jdyyws
What's the best source for learning Python?,0,https://www.reddit.com/r/learnpython/comments/1je3zzj/whats_the_best_source_for_learning_python/,11,1je3zzj
Big csv file not uploading using pandas,1,https://www.reddit.com/r/learnpython/comments/1je2tdx/big_csv_file_not_uploading_using_pandas/,5,1je2tdx
How to convert .txt file contentments to a integer?,0,https://www.reddit.com/r/learnpython/comments/1je2qfj/how_to_convert_txt_file_contentments_to_a_integer/,12,1je2qfj
Notifications in python,1,https://www.reddit.com/r/learnpython/comments/1je2q9x/notifications_in_python/,1,1je2q9x
Enum usage,0,https://www.reddit.com/r/learnpython/comments/1je2ggs/enum_usage/,14,1je2ggs
Howâ€™s Automate the Boring Stuffâ€™s Course vs Book?,1,https://www.reddit.com/r/learnpython/comments/1je2ahp/hows_automate_the_boring_stuffs_course_vs_book/,4,1je2ahp
combinatorial optimization program has been running for ~18 hours without generating a solution,0,https://www.reddit.com/r/learnpython/comments/1je6lpx/combinatorial_optimization_program_has_been/,11,1je6lpx
What to do after learning python basics,54,https://www.reddit.com/r/learnpython/comments/1jdc1ky/what_to_do_after_learning_python_basics/,32,1jdc1ky
Query about learning python commands,0,https://www.reddit.com/r/learnpython/comments/1je1kw2/query_about_learning_python_commands/,5,1je1kw2
How to create a unit test to mock endpoints containing path parameter,2,https://www.reddit.com/r/learnpython/comments/1jdxqrh/how_to_create_a_unit_test_to_mock_endpoints/,1,1jdxqrh
FastAPI endpoint not showing.,6,https://www.reddit.com/r/learnpython/comments/1jdojk7/fastapi_endpoint_not_showing/,6,1jdojk7
Need advice,0,https://www.reddit.com/r/learnpython/comments/1jdz6xq/need_advice/,0,1jdz6xq
Are there any free websites that let you run Python and keep the session for FREE?,18,https://www.reddit.com/r/learnpython/comments/1jde81k/are_there_any_free_websites_that_let_you_run/,34,1jde81k
"Optimizing Web Scraping of a Large Table (20,000 Pages) Using aiohttp & bs4",2,https://www.reddit.com/r/learnpython/comments/1jduzsz/optimizing_web_scraping_of_a_large_table_20000/,2,1jduzsz
python terminal shenanigans,0,https://www.reddit.com/r/learnpython/comments/1je19cl/python_terminal_shenanigans/,3,1je19cl
"Creating a puzzle book game for my mom, need help with script",3,https://www.reddit.com/r/learnpython/comments/1jdrqqj/creating_a_puzzle_book_game_for_my_mom_need_help/,10,1jdrqqj
Created a flask web app,14,https://www.reddit.com/r/learnpython/comments/1jddfnu/created_a_flask_web_app/,12,1jddfnu
How to import common test code?,2,https://www.reddit.com/r/learnpython/comments/1jds7my/how_to_import_common_test_code/,6,1jds7my
Can I make my own AI with python?,0,https://www.reddit.com/r/learnpython/comments/1je7j49/can_i_make_my_own_ai_with_python/,34,1je7j49
Advise needed. I am just starting. Is Programming with Mosh a good place to start?,2,https://www.reddit.com/r/learnpython/comments/1jdls03/advise_needed_i_am_just_starting_is_programming/,2,1jdls03
Slow but Steady Happy Progress,7,https://www.reddit.com/r/learnpython/comments/1jdh1gh/slow_but_steady_happy_progress/,0,1jdh1gh
"Hi! I'm starting Python, what should I do first? I have no idea what to do",11,https://www.reddit.com/r/learnpython/comments/1jde21p/hi_im_starting_python_what_should_i_do_first_i/,13,1jde21p
Trying to create a YouTube playlist downloaded using YTDLP. I only have one bug left to fix,2,https://www.reddit.com/r/learnpython/comments/1jdpvqj/trying_to_create_a_youtube_playlist_downloaded/,0,1jdpvqj
Feedback required on Self Study Road Map,5,https://www.reddit.com/r/learnpython/comments/1jdm5f4/feedback_required_on_self_study_road_map/,3,1jdm5f4
PCPP and PCAP or non of them?,4,https://www.reddit.com/r/learnpython/comments/1jdgose/pcpp_and_pcap_or_non_of_them/,4,1jdgose
Help querying this API,0,https://www.reddit.com/r/learnpython/comments/1jdsc4c/help_querying_this_api/,3,1jdsc4c
"Control theory, how to start?",2,https://www.reddit.com/r/learnpython/comments/1jdm1z4/control_theory_how_to_start/,4,1jdm1z4
When to not use pathlib?,6,https://www.reddit.com/r/learnpython/comments/1jdcnnd/when_to_not_use_pathlib/,17,1jdcnnd
WeChat bot,1,https://www.reddit.com/r/learnpython/comments/1jdq1qh/wechat_bot/,0,1jdq1qh
basic scrip to download Google Doc,0,https://www.reddit.com/r/learnpython/comments/1jdotyn/basic_scrip_to_download_google_doc/,3,1jdotyn
Django crontab functionnal regression,3,https://www.reddit.com/r/learnpython/comments/1jdeld5/django_crontab_functionnal_regression/,0,1jdeld5
How to code with less reliance on AI?,0,https://www.reddit.com/r/learnpython/comments/1jdxobw/how_to_code_with_less_reliance_on_ai/,6,1jdxobw
Help in starter game,1,https://www.reddit.com/r/learnpython/comments/1jdmmxx/help_in_starter_game/,4,1jdmmxx
PLEASE HELP!!!!! What solution would you recommend,0,https://www.reddit.com/r/learnpython/comments/1jdknx3/please_help_what_solution_would_you_recommend/,9,1jdknx3
First Project in progress. https://github.com/MayorDobe/Simple_Image_Classifier.git,1,https://www.reddit.com/r/learnpython/comments/1jdkeou/first_project_in_progress/,3,1jdkeou
PCEP cert for college applications,2,https://www.reddit.com/r/learnpython/comments/1jdbtga/pcep_cert_for_college_applications/,2,1jdbtga
Any short course recommendations (Python/Pandas),0,https://www.reddit.com/r/learnpython/comments/1jdk3xe/any_short_course_recommendations_pythonpandas/,1,1jdk3xe
Modifying list,1,https://www.reddit.com/r/learnpython/comments/1jdk199/modifying_list/,3,1jdk199
Any advice for BIE intern at Amazon - the tech interview (Python + SQL) ðŸ˜¬,0,https://www.reddit.com/r/learnpython/comments/1jdjyy1/any_advice_for_bie_intern_at_amazon_the_tech/,0,1jdjyy1
How to remove window icon and title from PyQt6,3,https://www.reddit.com/r/learnpython/comments/1jdavxk/how_to_remove_window_icon_and_title_from_pyqt6/,3,1jdavxk
Dictionary vs. Dataclass,27,https://www.reddit.com/r/learnpython/comments/1jcyw88/dictionary_vs_dataclass/,31,1jcyw88
Keep a List of Numbers Synchronized Across Multiple Processes,0,https://www.reddit.com/r/learnpython/comments/1jdhm2k/keep_a_list_of_numbers_synchronized_across/,7,1jdhm2k
Ajuda para automatizar o Brave,0,https://www.reddit.com/r/learnpython/comments/1jdgsce/ajuda_para_automatizar_o_brave/,0,1jdgsce
How do you handle dependency injection?,9,https://www.reddit.com/r/learnpython/comments/1jd4k0p/how_do_you_handle_dependency_injection/,13,1jd4k0p
Issue with Mediapipe import!,0,https://www.reddit.com/r/learnpython/comments/1jdgb84/issue_with_mediapipe_import/,0,1jdgb84
can i accessing made for you playlist through spotify api?,0,https://www.reddit.com/r/learnpython/comments/1jdfp7o/can_i_accessing_made_for_you_playlist_through/,1,1jdfp7o
Which is the best platform to learn coding and get certificate and practice?,3,https://www.reddit.com/r/learnpython/comments/1jd89j6/which_is_the_best_platform_to_learn_coding_and/,15,1jd89j6
Wanted to connect MySql with Jupyter Notebook.,4,https://www.reddit.com/r/learnpython/comments/1jd7mb4/wanted_to_connect_mysql_with_jupyter_notebook/,10,1jd7mb4
Does anyone have any GIMP python experience?,0,https://www.reddit.com/r/learnpython/comments/1jdl84i/does_anyone_have_any_gimp_python_experience/,8,1jdl84i
OpenWeather API error [timeout],1,https://www.reddit.com/r/learnpython/comments/1jdc8lf/openweather_api_error_timeout/,3,1jdc8lf
Git When too?,2,https://www.reddit.com/r/learnpython/comments/1jd7wpo/git_when_too/,15,1jd7wpo
Adding inheritance into my code,0,https://www.reddit.com/r/learnpython/comments/1jdb07k/adding_inheritance_into_my_code/,2,1jdb07k
How much does IDE text formatting help programmers code?,13,https://www.reddit.com/r/learnpython/comments/1jcw7mn/how_much_does_ide_text_formatting_help/,18,1jcw7mn
Learn AI /,1,https://www.reddit.com/r/learnpython/comments/1jda2lt/learn_ai/,2,1jda2lt
What does get() mean and do in Python?,0,https://www.reddit.com/r/learnpython/comments/1jd9n3w/what_does_get_mean_and_do_in_python/,7,1jd9n3w
"Mi ordenador modifica constantemente la ruta path, haciendo que VScode no funcione correctamente.",0,https://www.reddit.com/r/learnpython/comments/1jdd6zb/mi_ordenador_modifica_constantemente_la_ruta_path/,0,1jdd6zb
Can you tackle this,0,https://www.reddit.com/r/learnpython/comments/1jd92be/can_you_tackle_this/,14,1jd92be
How do you make it so python highlights variable that does not exist in the other file?,1,https://www.reddit.com/r/learnpython/comments/1jd918e/how_do_you_make_it_so_python_highlights_variable/,5,1jd918e
Output and Terminal giving different results,1,https://www.reddit.com/r/learnpython/comments/1jd8lh3/output_and_terminal_giving_different_results/,0,1jd8lh3
Do I really need to configure a WSGI server for a flask web app?,3,https://www.reddit.com/r/learnpython/comments/1jd2fts/do_i_really_need_to_configure_a_wsgi_server_for_a/,5,1jd2fts
Why can't I update stringVariables in custom tkinter like this?,4,https://www.reddit.com/r/learnpython/comments/1jczixg/why_cant_i_update_stringvariables_in_custom/,4,1jczixg
Motion tracking gloves/strap on hand device,8,https://www.reddit.com/r/learnpython/comments/1jcvb3n/motion_tracking_glovesstrap_on_hand_device/,4,1jcvb3n
How do you help yourself through a difficult problem?,12,https://www.reddit.com/r/learnpython/comments/1jco217/how_do_you_help_yourself_through_a_difficult/,17,1jco217
"Sorted(tuple_of_tuples, key=hash)",2,https://www.reddit.com/r/learnpython/comments/1jczvuy/sortedtuple_of_tuples_keyhash/,16,1jczvuy
Errors in other spiders causing errors in newly created spiders in Scrapy,0,https://www.reddit.com/r/learnpython/comments/1jd3uh7/errors_in_other_spiders_causing_errors_in_newly/,1,1jd3uh7
OOP and Main file code structure,3,https://www.reddit.com/r/learnpython/comments/1jcwdxy/oop_and_main_file_code_structure/,2,1jcwdxy
"simple python class, help please",0,https://www.reddit.com/r/learnpython/comments/1jd38s1/simple_python_class_help_please/,3,1jd38s1
import image_widget,1,https://www.reddit.com/r/learnpython/comments/1jd37cv/import_image_widget/,1,1jd37cv
Incorrect link to 'A Byte of Python'.,4,https://www.reddit.com/r/learnpython/comments/1jcr8dy/incorrect_link_to_a_byte_of_python/,1,1jcr8dy
Can't get graphviz to work in Jupyter on a Mac,1,https://www.reddit.com/r/learnpython/comments/1jd1uw6/cant_get_graphviz_to_work_in_jupyter_on_a_mac/,2,1jd1uw6
why the error?,0,https://www.reddit.com/r/learnpython/comments/1jd4e6s/why_the_error/,9,1jd4e6s
How could I properly display array/ matrix in numpy?,2,https://www.reddit.com/r/learnpython/comments/1jcuigq/how_could_i_properly_display_array_matrix_in_numpy/,4,1jcuigq
What is wrong with this code?,0,https://www.reddit.com/r/learnpython/comments/1jcugow/what_is_wrong_with_this_code/,24,1jcugow
python seleniun nth element,1,https://www.reddit.com/r/learnpython/comments/1jczevx/python_seleniun_nth_element/,3,1jczevx
in this example can someone tell me why the first if statment keep giving me True value even if the right answer is False ?,7,https://www.reddit.com/r/learnpython/comments/1jcn17e/in_this_example_can_someone_tell_me_why_the_first/,18,1jcn17e
I'm still a beginner at Python,41,https://www.reddit.com/r/learnpython/comments/1jcc2ni/im_still_a_beginner_at_python/,55,1jcc2ni
rank beginner with a copy/paste level question,1,https://www.reddit.com/r/learnpython/comments/1jcygkx/rank_beginner_with_a_copypaste_level_question/,6,1jcygkx
Question on my output from a basic function definition,1,https://www.reddit.com/r/learnpython/comments/1jcxl5a/question_on_my_output_from_a_basic_function/,16,1jcxl5a
Tkinter doesnt accept my image,1,https://www.reddit.com/r/learnpython/comments/1jcx93d/tkinter_doesnt_accept_my_image/,6,1jcx93d
Principal Component Analysis (PCA) in scikit learn: reconstruction using principal component vectors,6,https://www.reddit.com/r/learnpython/comments/1jclbua/principal_component_analysis_pca_in_scikit_learn/,7,1jclbua
How to create a dictionary login system that stores values in a function?,0,https://www.reddit.com/r/learnpython/comments/1jcu0ss/how_to_create_a_dictionary_login_system_that/,3,1jcu0ss
Furthering Education,1,https://www.reddit.com/r/learnpython/comments/1jcsxo7/furthering_education/,1,1jcsxo7
